-- 1
INSERT INTO `sub_category` (`id`, `sub_category_name`) VALUES
(2, 'AMD'),
(1, 'Intel'),
(3, 'NVIDIA');

INSERT INTO `media` (`file_type`, `id`, `product_id`, `source`) VALUES
('image', 1, 4, 'https://images.tokopedia.net/img/cache/900/VqbcmM/2024/5/11/101b7487-a1fc-4280-aedc-5567d871b698.jpg'),
('image', 2, 4, 'https://images.tokopedia.net/img/cache/900/VqbcmM/2024/5/11/d88f0673-d4b8-4731-a2c6-5ab0230a01db.jpg'),
('image', 9, 7, 'https://images.tokopedia.net/img/cache/900/VqbcmM/2024/2/22/0a887c07-9adc-43c2-a40b-832970903953.png'),
('image', 10, 7, 'https://images.tokopedia.net/img/cache/900/VqbcmM/2023/4/29/d1769bee-7251-4280-988d-84051f699d68.jpg'),
('image', 18, 8, 'https://images.tokopedia.net/img/cache/900/VqbcmM/2024/5/25/2d601894-9468-4c63-ad0c-75a52034e166.jpg'),
('image', 19, 8, 'https://images.tokopedia.net/img/cache/900/VqbcmM/2024/5/25/3efff27c-8a23-4ccb-bf2f-e55a7f48e24b.jpg'),
('image', 20, 3, 'https://images.tokopedia.net/img/cache/900/VqbcmM/2024/4/23/296f417a-dfa3-4a71-975d-d1b707fc7707.png'),
('image', 21, 2, 'https://images.tokopedia.net/img/cache/900/VqbcmM/2024/5/16/fbb341ce-1f46-4d5f-928f-0437e9281990.png'),
('image', 22, 1, 'https://images.tokopedia.net/img/cache/900/VqbcmM/2024/6/6/4fe9dcad-6eaf-47e5-ba3c-23e3d161f486.png'),
('image', 101, 7, 'https://images.tokopedia.net/img/cache/900/VqbcmM/2024/1/22/2f4f22c9-72df-4c32-a008-7aa8ddf55da4.jpg'),
('image', 102, 7, 'https://images.tokopedia.net/img/cache/900/VqbcmM/2024/1/22/74e6f5cb-0e9e-4360-ae35-2a9ca7a277b4.jpg'),
('image', 103, 7, 'https://images.tokopedia.net/img/cache/900/VqbcmM/2021/2/4/fb2e43a4-95e7-4db5-be81-ff0c6430adcd.jpg');

--2
INSERT INTO `category` (`id`, `category_name`) VALUES
(8, 'Casing'),
(1, 'CPU'),
(7, 'HDD'),
(5, 'Monitor'),
(4, 'Motherboard'),
(10, 'PC Ready'),
(9, 'PSU'),
(2, 'RAM'),
(6, 'SSD'),
(3, 'VGA');

--3
INSERT INTO `brand` (`brand_name`, `id`) VALUES
('AMD', 2),
('Asus', 4),
('Colorful', 6),
('G.Skill', 7),
('Gigabyte', 3),
('Intel', 1),
('Viewsonic', 8),
('Zotac', 5);

INSERT INTO `product` (`id`, `category_id`, `sub_category_id`, `brand_id`, `product_name`, `price`, `description`, `estimated_weight`, `stock`, `is_deleted`) VALUES
(1, 1, 1, 1, 'Intel Core I7-12700F 12th Gen Processor', 4175000.00, 'GARANSI RESMI !!\n\nIntel Core I7-12700F 12th Gen.Processor\n\n*Discrete Graphics Required*\n\nCPU Specifications\n- Total Cores : 12\n- # of Performance-cores : 8\n- # of Efficient-cores : 4\n- Total Threads : 20\n- Max Turbo Frequency : 4.90 GHz\n- Intel® Turbo Boost Max Technology 3.0 Frequency : 4.90 GHz\n- Performance-core Max Turbo Frequency : 4.80 GHz\n- Efficient-core Max Turbo Frequency : 3.60 GHz\n- Performance-core Base Frequency : 2.10 GHz\n- Efficient-core Base Frequency : 1.60 GHz\n- Cache : 25 MB Intel® Smart Cache\n- Total L2 Cache : 12 MB\n- Processor Base Power : 65 W\n- Maximum Turbo Power : 180 W\n- Max Memory Size (dependent on memory type) : 128 GB\n- Sockets Supported : FCLGA1700\n\nRp 4.xxx.xxx\n\nTERMS:\n*apabila ada part yang kosong, maka akan digantikan dengan part yang setara\n*garansi masing-masing part berbeda-beda.\n*belum termasuk ongkos kirim.\n*harga dapat berubah sewaktu-waktu, harap konfirmasi terlebih dahulu sebelum order.\n*harga di tokopedia dan offline berbeda\n\nLayanan MJ Teknologi Semarang\n.Penjualan PC Komputer Rakitan\n.Service PC & Laptop\n.Upgrade PC & Laptop\n.Tukar Tambah dari PC maupun Laptop\n.Pengadaan sekolah lewat Siplah\n.Bisa mengeluarkan faktur pajak\n\nMJ Teknologi Semarang\nJl Sendang Utara III No 12a dekat SMA 2\nMajapahit. Semarang\n\nTelp / WA : 08976607559\nwa.me/628976607559\n\nGooglemap : MJ Teknologi Semarang\nIG : mjteknologi_semarang\nTokopedia : MJ Teknologi Semarang\n\nPusat PC Rakitan dan Hardware PC\nGaming . Editing . Office. Rendering\n\n#TokoKomputerRakitanSemarang #KomputerRakitanSemarang #PCRakitanSemarang #CustomPCSemarang #GamingPCSemarang #PCGamingSemarang #TokoKomputerCustomSemarang #KomputerGamingRakitanSemarang #TokoPCRakitanSemarang #KomputerCustomSemarang', 4.00, 9, 0),
(2, 1, 1, 1, 'Intel Core I5 12400F 12th Gen Processor', 2250000.00, 'GARANSI RESMI !!!\n\nPROCESSOR INTEL CORE I5 12400F\n\nSpesifikasi:\nTotal Cores 6\n# of Performance-cores 6\n# of Efficient-cores 0\nTotal Threads 12\nMax Turbo Frequency 4.40 GHz\nPerformance-core Max Turbo Frequency 4.40 GHz\nPerformance-core Base Frequency 2.50 GHz\nCache 18 MB Intel® Smart Cache\nTotal L2 Cache 7.5 MB\nProcessor Base Power 65 W\nMaximum Turbo Power 117 W\nSockets Supported FCLGA1700\nMax CPU Configuration 1\nThermal Solution Specification PCG 2020C\nTJUNCTION 100°C\nPackage Size 45.0 mm x 37.5 mm\n\nRp 2.xxx.xxx\n\nTERMS:\n*apabila ada part yang kosong, maka akan digantikan dengan part yang setara\n*garansi masing-masing part berbeda-beda.\n*belum termasuk ongkos kirim.\n*harga dapat berubah sewaktu-waktu, harap konfirmasi terlebih dahulu sebelum order.\n*harga di tokopedia dan offline berbeda\n\nBaru Garansi Resmi\n\n*Harga dapat berubah sewaktu2\n*Spesifikasi tidak mengikat tergantung persediaan barang\n*Spesifikasi masih bisa di sesuaikan kembali tergantung budget dan kebtuhan\n\nLayanan MJ Teknologi Semarang\n.Penjualan PC Komputer Rakitan\n.Service PC & Laptop\n.Upgrade PC & Laptop\n.Tukar Tambah dari PC maupun Laptop\n.Pengadaan sekolah lewat Siplah\n.Bisa mengeluarkan faktur pajak\n\nMJ Teknologi Semarang\nJl Sendang Utara III No 12a dekat SMA 2\nMajapahit. Semarang\n\nTelp / WA : 08976607559\nwa.me/628976607559\n\nGooglemap : MJ Teknologi Semarang\nIG : mjteknologi_semarang\nTokopedia : MJ Teknologi Semarang\n\nPusat PC Rakitan dan Hardware PC\nGaming . Editing . Office. Rendering\n\n#TokoKomputerRakitanSemarang #KomputerRakitanSemarang #PCRakitanSemarang #CustomPCSemarang #GamingPCSemarang #PCGamingSemarang #TokoKomputerCustomSemarang #KomputerGamingRakitanSemarang #TokoPCRakitanSemarang #KomputerCustomSemarang', 4.00, 9, 0),
(3, 4, NULL, 3, 'Gigabyte H610M K DDR4 Motherboard Intel LGA 1700', 1225000.00, 'GARANSI RESMI !!\n\nGigabyte H610M K DDR4 Motherboard Intel LGA 1700\n\nSpecifications\nLGA1700 socket: Support for 13th Generation Intel® Core™ Processors and 12th Generation Intel® Core™, Pentium® Gold and Celeron® Processors*\nL3 cache varies with CPU\nChipset\nIntel® H610 Express Chipset\nSupport for DDR4\n2 x DDR4 DIMM sockets supporting up to 64 GB\nDual channel memory architecture\n\nRp 1.xxx.xxx\n\nTERMS:\n*apabila ada part yang kosong, maka akan digantikan dengan part yang setara\n*garansi masing-masing part berbeda-beda.\n*belum termasuk ongkos kirim.\n*harga dapat berubah sewaktu-waktu, harap konfirmasi terlebih dahulu sebelum order.\n*harga di tokopedia dan offline berbeda\n\nBaru Garansi Resmi\n\n*Harga dapat berubah sewaktu2\n*Spesifikasi tidak mengikat tergantung persediaan barang\n*Spesifikasi masih bisa di sesuaikan kembali tergantung budget dan kebtuhan\n\nLayanan MJ Teknologi Semarang\n.Penjualan PC Komputer Rakitan\n.Service PC & Laptop\n.Upgrade PC & Laptop\n.Tukar Tambah dari PC maupun Laptop\n.Pengadaan sekolah lewat Siplah\n.Bisa mengeluarkan faktur pajak\n\nMJ Teknologi Semarang\nJl Sendang Utara III No 12a dekat SMA 2\nMajapahit. Semarang\n\nTelp / WA : 08976607559\nwa.me/628976607559\n\nGooglemap : MJ Teknologi Semarang\nIG : mjteknologi_semarang\nTokopedia : MJ Teknologi Semarang\n\nPusat PC Rakitan dan Hardware PC\nGaming . Editing . Office. Rendering\n\n#TokoKomputerRakitanSemarang #KomputerRakitanSemarang #PCRakitanSemarang #CustomPCSemarang #GamingPCSemarang #PCGamingSemarang #TokoKomputerCustomSemarang #KomputerGamingRakitanSemarang #TokoPCRakitanSemarang #KomputerCustomSemarang', 1.20, 5, 0),
(4, 3, 3, 3, 'VGA Card Gigabyte GeForce RTX 3060 WINDFORCE OC 12G - 12GB GDDR6', 5150000.02, 'GARANSI RESMI !!!\n\nThe Ultimate Play Seri GeForce RTX® 30 dengan teknologi Ray Tracing, NVIDIA DLSS dan NVIDIA® Reflex\n\nSpesifikasi :\nGraphics Processing : GeForce RTX™ 3060\nCore Clock : 1792 MHz (Reference Card: 1777 MHz)\nCUDA® Cores : 3584\nMemory Clock : 15000 MHz\nMemory Size : 12 GB\nMemory Type : GDDR6\nMemory Bus : 192 bit\nMemory Bandwidth (GB/sec) : 360 GB/s\nCard Bus : PCI-E 4.0 x 16\nDigital max resolution : 7680x4320\nMulti-view : 4\nCard size : L=198 W=121 H=39 mm\nPCB Form : ATX\nDirectX : 12 Ultimate\nOpenGL : 4.6\nRecommended PSU : 550W\nPower Connectors : 8 pin*1\nOutput : DisplayPort 1.4a *2, HDMI 2.1 *2\nSLI Support : N/A\nAccessories : Quick guide\n\nMore info www.gigabyte.com/Graphics-Card/NVIDIA-Series\n\nGaransi Distributor Resmi Gigabyte 3 tahun: Service & parts.\n\nDi dalam kotak:\nVGA Card, Quick Guide (Tidak dilengkapi CD driver, mohon download driver terbaru pada website NVIDIA® GeForce®.)\nhttps://www.nvidia.com/en-us/geforce/drivers/\n\nLayanan MJ Teknologi Semarang\n.Penjualan PC Komputer Rakitan\n.Service PC & Laptop\n.Upgrade PC & Laptop\n.Tukar Tambah dari PC maupun Laptop\n.Pengadaan sekolah lewat Siplah\n.Bisa mengeluarkan faktur pajak\n\nMJ Teknologi Semarang\nJl Sendang Utara III No 12a dekat SMA 2\nMajapahit. Semarang\n\nTelp / WA : 08976607559\nwa.me/628976607559\n\nGooglemap : MJ Teknologi Semarang\nIG : mjteknologi_semarang\nTokopedia : MJ Teknologi Semarang\n\nPusat PC Rakitan dan Hardware PC\nGaming . Editing . Office. Rendering\n\n#TokoKomputerRakitanSemarang #KomputerRakitanSemarang #PCRakitanSemarang #CustomPCSemarang #GamingPCSemarang #PCGamingSemarang #TokoKomputerCustomSemarang #KomputerGamingRakitanSemarang #TokoPCRakitanSemarang #KomputerCustomSemarang', 3.00, 11, 0),
(7, 2, NULL, 7, 'RAM G.Skill Trident Z 16GB DDR4 Kit 3600MHz RGB Effects', 970000.00, 'GARANSI RESMI !!!\n\nG.Skill Trident Z 16GB DDR4 Kit 3600MHz RGB\n\nSpesifikasi:\nSeries Trident Z RGB\nMemory Type DDR4\nCapacity 16GB (8GBx2)\nMulti-Channel Kit Dual Channel Kit\nTested Speed 3600MHz\nTested Latency 19-20-20-40\nTested Voltage 1.35v\nRegistered/Unbuffered Unbuffered\nError Checking Non-ECC\nSPD Speed 2133MHz\nSPD Voltage 1.20v\nFan lncluded No\nHeight 44 mm / 1.73 inch\n\nRp 9xx.xxx\n\nTERMS:\n*apabila ada part yang kosong, maka akan digantikan dengan part yang setara\n*garansi masing-masing part berbeda-beda.\n*belum termasuk ongkos kirim.\n*harga dapat berubah sewaktu-waktu, harap konfirmasi terlebih dahulu sebelum order.\n*harga di tokopedia dan offline berbeda\n\nBaru Garansi Resmi\n\n*Harga dapat berubah sewaktu2\n*Spesifikasi tidak mengikat tergantung persediaan barang\n*Spesifikasi masih bisa di sesuaikan kembali tergantung budget dan kebtuhan\n\nLayanan MJ Teknologi Semarang\n.Penjualan PC Komputer Rakitan\n.Service PC & Laptop\n.Upgrade PC & Laptop\n.Tukar Tambah dari PC maupun Laptop\n.Pengadaan sekolah lewat Siplah\n.Bisa mengeluarkan faktur pajak\n\nMJ Teknologi Semarang\nJl Sendang Utara III No 12a dekat SMA 2\nMajapahit. Semarang\n\nTelp / WA : 08976607559\nwa.me/628976607559\n\nGooglemap : MJ Teknologi Semarang\nIG : mjteknologi_semarang\nTokopedia : MJ Teknologi Semarang\n\nPusat PC Rakitan dan Hardware PC\nGaming . Editing . Office. Rendering\n\n#TokoKomputerRakitanSemarang #KomputerRakitanSemarang #PCRakitanSemarang #CustomPCSemarang #GamingPCSemarang #PCGamingSemarang #TokoKomputerCustomSemarang #KomputerGamingRakitanSemarang #TokoPCRakitanSemarang #KomputerCustomSemarang', 0.70, 10, 0),
(8, 5, NULL, 8, 'Monitor LED Viewsonic VX2780-2K 27 IPS QHD 1440p 170Hz HDR10 - VX2758A-2K-PRO2', 3300000.00, 'GARANSI RESMI !!!\n\nViewSonic VX2758A-2K-PRO-2\n\n27” 2K 170Hz Gaming Monitor\n\n\nWarranty : 3 Years\n\n- 2K QHD resolution ensures crystal-clear details​\n- SuperClear® IPS panel ensures wide viewing angles and vibrant colors for immersive gaming\n- A 170Hz refresh rate delivers fluid visuals for smoother gameplay​\n- Swift 1ms MPRT ensures razor-sharp visuals in fast-paced gaming​\n- Variable refresh rate eliminates screen tearing and reduces screen stuttering​\n- Enjoy hassle-free connectivity through HDMI and DisplayPort inputs\n\nSpec :\nDisplay Size (in.): 27\nViewable Area (in.): 27\nPanel Type: IPS Technology\nResolution: 2560 x 1440\nResolution Type: QHD (Quad HD)\nStatic Contrast Ratio: 1,000:1 (typ)\nDynamic Contrast Ratio: 80M:1\nLight Source: LED\nBrightness: 300 cd/m² (typ)\nColors: 1.07B\nColor Space Support: 10 bit (8 bit + FRC)\nAspect Ratio: 16:9\nResponse Time (MPRT): 1ms\nViewing Angles: 178º horizontal, 178º vertical\nBacklight Life (Hours): 30000 Hrs (Min)\nCurvature: Flat\nRefresh Rate (Hz): 170\n\nConnector :\n3.5mm Audio Out: 1\nHDMI 2.0 (with HDCP 2.2): 2\nDisplayPort: 1\nPower in: 3-pin Socket (IEC C14 / CEE22)\n\nAudio port : 1 x 3.5mm Audio Out\nVESA mounting (mm) : 100x100\nErgonomic Stand : Yes (HAS, Swivel, Tilt, Pivot)\n\nPower Cons (watt) : 39\nProduct Weight (nw/kg) : 6.3\nBox Dimension (cm) : 86 x 49 x 13\nVolume Weight (kg) : 10\n\nInclude :\nPower Cable\nDP Cable\n\nLayanan MJ Teknologi Semarang\n.Penjualan PC Komputer Rakitan\n.Service PC & Laptop\n.Upgrade PC & Laptop\n.Tukar Tambah dari PC maupun Laptop\n.Pengadaan sekolah lewat Siplah\n.Bisa mengeluarkan faktur pajak\n\nMJ Teknologi Semarang\nJl Sendang Utara III No 12a dekat SMA 2\nMajapahit. Semarang\n\nTelp / WA : 08976607559\nwa.me/628976607559\n\nGooglemap : MJ Teknologi Semarang\nIG : mjteknologi_semarang\nTokopedia : MJ Teknologi Semarang\n\nPusat PC Rakitan dan Hardware PC\nGaming . Editing . Office. Rendering\n\n#TokoKomputerRakitanSemarang #KomputerRakitanSemarang #PCRakitanSemarang #CustomPCSemarang #GamingPCSemarang #PCGamingSemarang #TokoKomputerCustomSemarang #KomputerGamingRakitanSemarang #TokoPCRakitanSemarang #KomputerCustomSemarang', 3.00, 5, 0);

